【随時更新】ロシア ウクライナに軍事侵攻（8月5日の動き）	【随時更新】ロシア ウクライナに軍事侵攻（8月5日の動き）	【随時更新】ロシア ウクライナに軍事侵攻（8月5日の動き）	[Updated Regularly] Russia's Military Invasion of Ukraine (Updates as of August 5)	[Updated Regularly] Russia's Military Invasion of Ukraine (Updates as of August 5)	"1.) 【随時更新】 (zuiji kōshin): This means ""updated regularly"" or ""ongoing updates."" 随時 (zuiji) means ""as needed"" or ""at any time,"" and 更新 (kōshin) means ""update.""

2.) ロシア (Roshia): This is ""Russia,"" written in Katakana, which is commonly used for foreign names and terms.

3.) ウクライナ (Ukuraina): This is ""Ukraine,"" also written in Katakana for foreign names.

4.) に (ni): This is a particle used to indicate the direction or target of an action, in this case, ""to"" or ""against.""

5.) 軍事侵攻 (gunji shinkō): This means ""military invasion."" 軍事 (gunji) means ""military,"" and 侵攻 (shinkō) means ""invasion"" or ""attack.""

6.) （8月5日の動き）(8-gatsu 5-nichi no ugoki): This translates to ""Updates as of August 5."" 8月5日 (8-gatsu 5-nichi) refers to August 5th, and の (no) is a possessive particle indicating that the updates are related to this date. 動き (ugoki) means ""movement"" or ""updates"" in this context."					NHK_WEB_EASY
ロシアによるウクライナに対する軍事侵攻が続いています	ロシアによるウクライナに対する軍事侵攻が続いています	ロシアによるウクライナに対する軍事侵攻が続いています	[Updated Regularly] Russia's Military Invasion of Ukraine (Updates as of August 5)	Russia's military invasion of Ukraine is continuing.	"1.) ロシア (Roshia): This is ""Russia,"" written in Katakana.

2.) による (ni yoru): This phrase means ""by"" or ""due to"" in this context, indicating the agent performing the action. 

3.) ウクライナ (Ukuraina): This is ""Ukraine,"" written in Katakana.

4.) に対する (ni taisuru): This phrase means ""against"" or ""toward,"" indicating the target or recipient of an action. 

5.) 軍事侵攻 (gunji shinkō): This means ""military invasion."" 軍事 (gunji) means ""military,"" and 侵攻 (shinkō) means ""invasion.""

6.) が (ga): This is a particle that marks the subject of the sentence.

7.) 続いています (tsuzuiteimasu): This is the present continuous form of the verb ""続く"" (tsuzuku), which means ""to continue."" The verb is in its polite form with ""います"" (imasu) indicating ongoing action."					NHK_WEB_EASY
ウクライナの各地でロシア軍とウクライナ軍が戦闘を続けていて、大勢の市民が国外へ避難しています	ウクライナの各地でロシア軍とウクライナ軍が戦闘を続けていて、大勢の市民が国外へ避難しています	ウクライナの各地でロシア軍とウクライナ軍が戦闘を続けていて、大勢の市民が国外へ避難しています	[Updated Regularly] Russia's Military Invasion of Ukraine (Updates as of August 5)	In various locations in Ukraine, Russian and Ukrainian forces are continuing combat, and a large number of civilians are fleeing the country.	"1.) ウクライナの各地で (Ukuraina no kakuchi de): This means ""in various locations in Ukraine."" ウクライナ (Ukuraina) is ""Ukraine,"" の (no) is a possessive particle, and 各地 (kakuchi) means ""various places"" or ""locations."" で (de) indicates the location where the action is taking place.

2.) ロシア軍 (Roshia-gun): This means ""Russian forces"" or ""Russian military."" ロシア (Roshia) is ""Russia,"" and 軍 (gun) means ""military"" or ""forces.""

3.) と (to): This is a particle meaning ""and"" or ""with,"" used to connect nouns.

4.) ウクライナ軍 (Ukuraina-gun): This means ""Ukrainian forces"" or ""Ukrainian military."" ウクライナ (Ukuraina) is ""Ukraine,"" and 軍 (gun) means ""military"" or ""forces.""

5.) が (ga): This particle marks the subject of the sentence.

6.) 戦闘を続けていて (sentō o tsuzukete ite): This phrase means ""are continuing combat."" 戦闘 (sentō) means ""combat"" or ""battle,"" を (o) is the direct object particle, and 続けていて (tsuzukete ite) is the present continuous form of the verb ""続ける"" (tsuzukeru), meaning ""to continue.""

7.) 大勢の市民が (ōzei no shimin ga): This means ""a large number of civilians."" 大勢 (ōzei) means ""a large number,"" and 市民 (shimin) means ""civilians"" or ""citizens."" が (ga) marks the subject.

8.) 国外へ (kokugai e): This means ""to abroad"" or ""out of the country."" 国外 (kokugai) means ""abroad"" or ""outside the country,"" and へ (e) is a particle indicating direction.

9.) 避難しています (hinan shiteimasu): This means ""are fleeing"" or ""taking refuge."" 避難 (hinan) means ""evacuation"" or ""refuge,"" and しています (shiteimasu) is the present continuous form of the verb ""する"" (suru), meaning ""to do,"" here indicating ongoing action."					NHK_WEB_EASY
戦闘の状況や関係各国の外交など、ウクライナ情勢をめぐる5日（日本時間）の動きを随時更新でお伝えします	戦闘の状況や関係各国の外交など、ウクライナ情勢をめぐる5日（日本時間）の動きを随時更新でお伝えします	戦闘の状況や関係各国の外交など、ウクライナ情勢をめぐる5日（日本時間）の動きを随時更新でお伝えします	[Updated Regularly] Russia's Military Invasion of Ukraine (Updates as of August 5)	We will provide ongoing updates on the situation of the combat, diplomatic actions by related countries, and the situation in Ukraine as of the 5th (Japan time).	"1.) 戦闘の状況や (sentō no jōkyō ya): This means ""the situation of the combat and."" 戦闘 (sentō) means ""combat"" or ""battle,"" の (no) is a possessive particle indicating ""of,"" and 状況 (jōkyō) means ""situation."" や (ya) is a particle used to list items, implying ""and others.""

2.) 関係各国の外交など (kankei kakkoku no gaikō nado): This means ""diplomatic actions by related countries, etc."" 関係各国 (kankei kakkoku) means ""related countries"" or ""countries involved,"" の (no) indicates possession, and 外交 (gaikō) means ""diplomacy."" など (nado) means ""etc."" or ""and so on.""

3.) ウクライナ情勢をめぐる (Ukuraina jōsei o meguru): This means ""regarding the situation in Ukraine."" ウクライナ情勢 (Ukuraina jōsei) means ""the situation in Ukraine,"" with ウクライナ (Ukuraina) being ""Ukraine"" and 情勢 (jōsei) meaning ""situation"" or ""conditions."" を (o) is the direct object particle, and めぐる (meguru) means ""regarding"" or ""concerning.""

4.) 5日（日本時間）の (5-nichi (Nihon jikan) no): This means ""as of the 5th (Japan time)."" 5日 (5-nichi) refers to the 5th day of the month, and 日本時間 (Nihon jikan) means ""Japan time."" の (no) is a possessive particle indicating the date and time.

5.) 動きを随時更新でお伝えします (ugoki o zuiji kōshin de otsutae shimasu): This means ""We will provide ongoing updates."" 動き (ugoki) means ""updates"" or ""movement,"" を (o) is the direct object particle, 随時更新 (zuiji kōshin) means ""ongoing updates"" or ""regular updates,"" and で (de) indicates the manner in which updates will be provided. お伝えします (otsutae shimasu) is a polite way of saying ""we will inform"" or ""we will convey."""					NHK_WEB_EASY
"（日本とウクライナ、およびロシアのモスクワとは6時間の時差があります）
						

							
								
								
									【詳細】ロシア ウクライナに軍事侵攻（8月4日の動き）
									
								
							

							
								
								
									ウクライナ情勢 戦況の解説記事はこちら
									
								
							
							 
    
      
      戦況地図
      
        最新の戦況はこちら"	"（日本とウクライナ、およびロシアのモスクワとは6時間の時差があります）
						

							
								
								
									【詳細】ロシア ウクライナに軍事侵攻（8月4日の動き）
									
								
							

							
								
								
									ウクライナ情勢 戦況の解説記事はこちら
									
								
							
							 
    
      
      戦況地図
      
        最新の戦況はこちら"	"（日本とウクライナ、およびロシアのモスクワとは6時間の時差があります）
						

							
								
								
									【詳細】ロシア ウクライナに軍事侵攻（8月4日の動き）
									
								
							

							
								
								
									ウクライナ情勢 戦況の解説記事はこちら
									
								
							
							 
    
      
      戦況地図
      
        最新の戦況はこちら"	[Updated Regularly] Russia's Military Invasion of Ukraine (Updates as of August 5)	"(There is a 6-hour time difference between Japan, Ukraine, and Moscow, Russia.)

[Details] Russia's Military Invasion of Ukraine (Updates as of August 4)

For detailed analysis of the situation in Ukraine, click here

Combat Situation Map

For the latest combat situation, click here"	"1.) （日本とウクライナ、およびロシアのモスクワとは6時間の時差があります）(Nihon to Ukuraina, oyobi Roshia no Mosukuwa to wa 6-jikan no jisa ga arimasu): This means ""There is a 6-hour time difference between Japan, Ukraine, and Moscow, Russia."" 日本 (Nihon) is ""Japan,"" と (to) means ""and,"" ウクライナ (Ukuraina) is ""Ukraine,"" および (oyobi) means ""as well as,"" ロシア (Roshia) is ""Russia,"" の (no) indicates possession, モスクワ (Mosukuwa) is ""Moscow,"" と (to) is used again to mean ""and,"" 6時間 (6-jikan) means ""6 hours,"" の (no) is a possessive particle, 時差 (jisa) means ""time difference,"" and があります (ga arimasu) means ""there is.""

2.) 【詳細】ロシア ウクライナに軍事侵攻（8月4日の動き）(【Shōsai】 Roshia Ukuraina ni gunji shinkō (8-gatsu 4-nichi no ugoki)): This means ""[Details] Russia's Military Invasion of Ukraine (Updates as of August 4)."" 【詳細】 (Shōsai) means ""details,"" ロシア (Roshia) is ""Russia,"" ウクライナ (Ukuraina) is ""Ukraine,"" に (ni) indicates direction or target, 軍事侵攻 (gunji shinkō) means ""military invasion,"" and （8月4日の動き） (8-gatsu 4-nichi no ugoki) means ""updates as of August 4.""

3.) ウクライナ情勢 戦況の解説記事はこちら (Ukuraina jōsei senkyō no kaisetsu kiji wa kochira): This means ""For detailed analysis of the situation in Ukraine, click here."" ウクライナ情勢 (Ukuraina jōsei) means ""the situation in Ukraine,"" 戦況 (senkyō) means ""combat situation,"" の (no) is a possessive particle, 解説記事 (kaisetsu kiji) means ""analysis article,"" and はこちら (kochira) means ""here"" (referring to a link or location).

4.) 戦況地図 (Senkyō chizu): This means ""Combat Situation Map."" 戦況 (senkyō) means ""combat situation,"" and 地図 (chizu) means ""map.""

5.) 最新の戦況はこちら (Saishin no senkyō wa kochira): This means ""For the latest combat situation, click here."" 最新 (saishin) means ""latest"" or ""most recent,"" の (no) is a possessive particle, 戦況 (senkyō) means ""combat situation,"" and はこちら (kochira) means ""here"" (referring to a link or location)."					NHK_WEB_EASY
茶色のボタンを右から左に動かすと日ごとの地図が見られます	茶色のボタンを右から左に動かすと日ごとの地図が見られます	茶色のボタンを右から左に動かすと日ごとの地図が見られます	[Updated Regularly] Russia's Military Invasion of Ukraine (Updates as of August 5)	By moving the brown button from right to left, you can view the daily maps.	"1.) 茶色のボタン (chairo no botan): This means ""brown button."" 茶色 (chairo) means ""brown,"" and ボタン (botan) is ""button.""

2.) を (o): This is a particle that marks the direct object of the verb.

3.) 右から左に (migi kara hidari ni): This means ""from right to left."" 右 (migi) means ""right,"" から (kara) means ""from,"" 左 (hidari) means ""left,"" and に (ni) indicates the direction of movement.

4.) 動かすと (ugokasu to): This means ""by moving"" or ""if you move."" 動かす (ugokasu) is the verb ""to move,"" and と (to) is a conditional particle meaning ""if"" or ""when.""

5.) 日ごとの地図 (higoto no chizu): This means ""daily maps."" 日ごと (higoto) means ""daily"" or ""day by day,"" and 地図 (chizu) means ""maps.""

6.) が見られます (ga miraremasu): This means ""can be viewed."" が (ga) is a subject marker, and 見られます (miraremasu) is the potential form of the verb ""見る"" (miru), which means ""to see"" or ""to view,"" indicating that something can be viewed."					NHK_WEB_EASY
"2022年2月24日
                最新
              
            
            
              
              
            
          
        
      
      
    
 

							
								
										
								
							

							
								ゼレンスキー大統領 SNSで米製F16戦闘機到着を明らかに
								
										ウクライナのゼレンスキー大統領は4日、SNSで、アメリカ製のF16戦闘機がウクライナに到着したと明らかにしました"	"2022年2月24日
                最新
              
            
            
              
              
            
          
        
      
      
    
 

							
								
										
								
							

							
								ゼレンスキー大統領 SNSで米製F16戦闘機到着を明らかに
								
										ウクライナのゼレンスキー大統領は4日、SNSで、アメリカ製のF16戦闘機がウクライナに到着したと明らかにしました"	"2022年2月24日
                最新
              
            
            
              
              
            
          
        
      
      
    
 

							
								
										
								
							

							
								ゼレンスキー大統領 SNSで米製F16戦闘機到着を明らかに
								
										ウクライナのゼレンスキー大統領は4日、SNSで、アメリカ製のF16戦闘機がウクライナに到着したと明らかにしました"	[Updated Regularly] Russia's Military Invasion of Ukraine (Updates as of August 5)	"February 24, 2022
Latest

President Zelensky Reveals Arrival of U.S.-Made F-16 Fighter Jets on Social Media

On the 4th, Ukrainian President Zelensky revealed on social media that American-made F-16 fighter jets had arrived in Ukraine."	"1.) 2022年2月24日 (2022-nen 2-gatsu 24-nichi): This means ""February 24, 2022."" 2022年 (2022-nen) refers to the year 2022, 2月 (2-gatsu) refers to February, and 24日 (24-nichi) refers to the 24th day of the month.

2.) 最新 (saishin): This means ""latest"" or ""most recent.""

3.) ゼレンスキー大統領 (Zerensukī daitōryō): This means ""President Zelensky."" ゼレンスキー (Zerensukī) is ""Zelensky"" (the Ukrainian President), and 大統領 (daitōryō) means ""president.""

4.) SNSで (SNS de): This means ""on social media."" SNS (Social Networking Service) is commonly used in Japan to refer to social media platforms, and で (de) indicates the location or means by which an action is performed.

5.) 米製F16戦闘機 (bei-sei F16 sentōki): This means ""U.S.-made F-16 fighter jets."" 米製 (bei-sei) means ""U.S.-made"" (where 米 (bei) stands for America), F16 (F-16) is the fighter jet model, and 戦闘機 (sentōki) means ""fighter jet.""

6.) 到着を明らかに (tōchaku o akiraka ni): This means ""reveals the arrival."" 到着 (tōchaku) means ""arrival,"" を (o) is the direct object particle, and 明らかに (akiraka ni) means ""reveals"" or ""makes clear.""

7.) ウクライナのゼレンスキー大統領は4日 (Ukuraina no Zerensukī daitōryō wa 4-nichi): This means ""On the 4th, Ukrainian President Zelensky."" ウクライナの (Ukuraina no) means ""Ukrainian,"" ゼレンスキー大統領 (Zerensukī daitōryō) is ""President Zelensky,"" and 4日 (4-nichi) refers to the 4th day of the month.

8.) アメリカ製のF16戦闘機がウクライナに到着したと明らかにしました (Amerika-sei no F16 sentōki ga Ukuraina ni tōchaku shita to akiraka ni shimashita): This means ""revealed that American-made F-16 fighter jets had arrived in Ukraine."" アメリカ製 (Amerika-sei) means ""American-made,"" の (no) is a possessive particle, F16 (F-16) is the model of the fighter jets, 戦闘機 (sentōki) means ""fighter jets,"" が (ga) marks the subject, ウクライナに (Ukuraina ni) means ""in Ukraine,"" 到着した (tōchaku shita) means ""had arrived,"" と (to) is a quotative particle, and 明らかにしました (akiraka ni shimashita) means ""revealed"" or ""made clear."""					NHK_WEB_EASY
この中で、ゼレンスキー大統領は「国のために、この機体の扱い方を習得し、使い始めている仲間を誇りに思う	この中で、ゼレンスキー大統領は「国のために、この機体の扱い方を習得し、使い始めている仲間を誇りに思う	この中で、ゼレンスキー大統領は「国のために、この機体の扱い方を習得し、使い始めている仲間を誇りに思う	[Updated Regularly] Russia's Military Invasion of Ukraine (Updates as of August 5)	"In this context, President Zelensky said, ""For the sake of the country, I am proud of the comrades who have learned how to handle these aircraft and have begun using them."""	"1.) この中で (kono naka de): This means ""in this context"" or ""among these."" この (kono) means ""this,"" 中 (naka) means ""inside"" or ""among,"" and で (de) indicates the context or setting.

2.) ゼレンスキー大統領は (Zerensukī daitōryō wa): This means ""President Zelensky."" ゼレンスキー (Zerensukī) is ""Zelensky,"" and 大統領 (daitōryō) means ""president."" は (wa) is the topic marker.

3.) 「国のために (kuni no tame ni): This means ""for the sake of the country."" 国 (kuni) means ""country,"" の (no) is a possessive particle, and ために (tame ni) means ""for the sake of"" or ""to.""

4.) この機体の扱い方を習得し (kono kitai no atsukai-kata o shūtoku shi): This means ""learned how to handle these aircraft."" この (kono) means ""these,"" 機体 (kitai) means ""aircraft,"" の (no) indicates possession, 扱い方 (atsukai-kata) means ""handling"" or ""way of handling,"" and 習得し (shūtoku shi) is the verb ""to learn"" in its connective form.

5.) 使い始めている仲間を (tsukai hajimete iru nakama o): This means ""comrades who have begun using."" 使い始めている (tsukai hajimete iru) means ""have begun using,"" and 仲間 (nakama) means ""comrades"" or ""fellow members."" を (o) marks the direct object.

6.) 誇りに思う (hokori ni omou): This means ""am proud."" 誇り (hokori) means ""pride,"" and 思う (omou) means ""to think"" or ""to feel."" When combined, it means ""to feel proud."""					NHK_WEB_EASY
ウクライナに勝利と平和をもたらす成果を出してほしい」として、F16の使用開始で戦況を好転させたいという考えを示しました	ウクライナに勝利と平和をもたらす成果を出してほしい」として、F16の使用開始で戦況を好転させたいという考えを示しました	ウクライナに勝利と平和をもたらす成果を出してほしい」として、F16の使用開始で戦況を好転させたいという考えを示しました	[Updated Regularly] Russia's Military Invasion of Ukraine (Updates as of August 5)	He expressed his desire to achieve results that will bring victory and peace to Ukraine, and showed his intention to improve the situation by starting the use of the F-16s.	"1.) ウクライナに勝利と平和をもたらす成果を出してほしい (Ukuraina ni shōri to heiwa o motarasu seika o dashite hoshī): This means ""He expressed his desire to achieve results that will bring victory and peace to Ukraine."" ウクライナに (Ukuraina ni) means ""to Ukraine,"" 勝利 (shōri) means ""victory,"" と (to) means ""and,"" 平和 (heiwa) means ""peace,"" を (o) is the direct object particle, もたらす (motarasu) means ""to bring"" or ""to deliver,"" 成果 (seika) means ""results,"" and 出してほしい (dashite hoshī) means ""want to achieve"" or ""hope to produce.""

2.) 「として (to shite): This means ""he expressed"" or ""stated."" It is used to indicate the manner or role in which something is expressed.

3.) F16の使用開始で (F16 no shiyō kaishi de): This means ""by starting the use of the F-16s."" F16 (F-16) is the fighter jet model, の (no) indicates possession, 使用開始 (shiyō kaishi) means ""starting the use"" or ""commencement of use,"" and で (de) indicates the means or method.

4.) 戦況を好転させたいという考えを示しました (senkyō o kōten sasetai to iu kangae o shimeshimashita): This means ""showed his intention to improve the situation."" 戦況 (senkyō) means ""combat situation,"" を (o) is the direct object particle, 好転させたい (kōten sasetai) means ""want to improve"" or ""hope to turn around,"" と (to) is a quotative particle, いう (iu) means ""to say"" or ""to express,"" 考え (kangae) means ""intention"" or ""thought,"" and 示しました (shimeshimashita) means ""showed"" or ""revealed."""					NHK_WEB_EASY
SNSに投稿された動画には、ウクライナの国章を垂直尾翼に記したF16がミサイルを搭載して実際に飛行する様子も映っています	SNSに投稿された動画には、ウクライナの国章を垂直尾翼に記したF16がミサイルを搭載して実際に飛行する様子も映っています	SNSに投稿された動画には、ウクライナの国章を垂直尾翼に記したF16がミサイルを搭載して実際に飛行する様子も映っています	[Updated Regularly] Russia's Military Invasion of Ukraine (Updates as of August 5)	The video posted on social media shows an F-16 with the Ukrainian coat of arms on its vertical stabilizers, equipped with missiles, actually flying in the footage.	"1.) SNSに投稿された動画には (SNS ni tōkō sareta dōga ni wa): This means ""The video posted on social media."" SNS (Social Networking Service) refers to social media platforms, 投稿された (tōkō sareta) is the passive form of ""to post,"" meaning ""posted,"" and 動画 (dōga) means ""video."" には (ni wa) indicates the location or context where something is observed.

2.) ウクライナの国章を垂直尾翼に記したF16が (Ukuraina no kokushō o suichoku biyoku ni shirusha F16 ga): This means ""An F-16 with the Ukrainian coat of arms on its vertical stabilizers."" ウクライナの国章 (Ukuraina no kokushō) means ""Ukrainian coat of arms,"" with 国章 (kokushō) meaning ""coat of arms,"" and 垂直尾翼 (suichoku biyoku) means ""vertical stabilizers."" 記した (shirusha) means ""marked"" or ""inscribed.""

3.) ミサイルを搭載して (misairu o tōsai shite): This means ""equipped with missiles."" ミサイル (misairu) means ""missiles,"" を (o) is the direct object particle, and 搭載して (tōsai shite) means ""equipped with"" or ""carrying.""

4.) 実際に飛行する様子も映っています (jissai ni hikō suru yōsu mo utsutteimasu): This means ""actually flying in the footage."" 実際に (jissai ni) means ""actually"" or ""in reality,"" 飛行する (hikō suru) means ""to fly,"" 様子 (yōsu) means ""appearance"" or ""state,"" and 映っています (utsutteimasu) is the present continuous form of ""to appear in footage,"" indicating that something is being shown in the video."					NHK_WEB_EASY
ウクライナはロシアに比べて航空戦力の劣勢が伝えられてきました	ウクライナはロシアに比べて航空戦力の劣勢が伝えられてきました	ウクライナはロシアに比べて航空戦力の劣勢が伝えられてきました	[Updated Regularly] Russia's Military Invasion of Ukraine (Updates as of August 5)	Ukraine has been reported to be at a disadvantage in air power compared to Russia.	"1.) ウクライナは (Ukuraina wa): This means ""Ukraine."" ウクライナ (Ukuraina) is ""Ukraine,"" and は (wa) is the topic marker.

2.) ロシアに比べて (Roshia ni kurabete): This means ""compared to Russia."" ロシア (Roshia) is ""Russia,"" に (ni) is a particle indicating direction or comparison, and 比べて (kurabete) is the te-form of the verb ""比べる"" (kuraberu), meaning ""to compare.""

3.) 航空戦力の (kōkū senryoku no): This means ""air power."" 航空戦力 (kōkū senryoku) means ""air power"" or ""air strength,"" with 航空 (kōkū) meaning ""aviation"" or ""air,"" and 戦力 (senryoku) meaning ""military strength"" or ""power."" の (no) is a possessive particle.

4.) 劣勢が (ressē ga): This means ""disadvantage."" 劣勢 (ressē) means ""disadvantage"" or ""inferiority,"" and が (ga) is the subject marker.

5.) 伝えられてきました (tsutaerarete kimashita): This means ""has been reported."" 伝えられて (tsutaerarete) is the passive form of ""伝える"" (tsutaeru), meaning ""to report"" or ""to convey,"" and きました (kimashita) is the past tense of ""くる"" (kuru), which here indicates that the reporting has been ongoing up to the present."					NHK_WEB_EASY
F16の供与について、イギリスの経済誌「エコノミスト」は4日、ウクライナは最初の10機を受け取ったと伝えています	F16の供与について、イギリスの経済誌「エコノミスト」は4日、ウクライナは最初の10機を受け取ったと伝えています	F16の供与について、イギリスの経済誌「エコノミスト」は4日、ウクライナは最初の10機を受け取ったと伝えています	[Updated Regularly] Russia's Military Invasion of Ukraine (Updates as of August 5)	"Regarding the provision of F-16s, the British economic magazine ""The Economist"" reported on the 4th that Ukraine received the first 10 aircraft."	"1.) F16の供与について (F16 no kyōyo ni tsuite): This means ""Regarding the provision of F-16s."" F16 (F-16) is the fighter jet model, の (no) indicates possession, and 供与について (kyōyo ni tsuite) means ""regarding the provision"" or ""concerning the supply.""

2.) イギリスの経済誌「エコノミスト」は (Igirisu no keizai-shi ""Ekonimisuto"" wa): This means ""The British economic magazine 'The Economist.'"" イギリス (Igirisu) means ""Britain"" or ""UK,"" の (no) indicates possession, 経済誌 (keizai-shi) means ""economic magazine,"" and 「エコノミスト」 (Ekonimisuto) is the name ""The Economist."" は (wa) is the topic marker.

3.) 4日 (4-nichi): This means ""the 4th."" 4日 (4-nichi) refers to the 4th day of the month.

4.) ウクライナは (Ukuraina wa): This means ""Ukraine."" ウクライナ (Ukuraina) is ""Ukraine,"" and は (wa) is the topic marker.

5.) 最初の10機を受け取ったと (saisho no 10-ki o uketotta to): This means ""received the first 10 aircraft."" 最初の (saisho no) means ""first,"" 10機 (10-ki) means ""10 aircraft"" (機 (ki) is a counter for machines or vehicles), を (o) is the direct object particle, and 受け取った (uketotta) is the past tense of the verb ""受け取る"" (uketoru), meaning ""to receive.""

6.) 伝えています (tsutaeteimasu): This means ""reported."" 伝えています (tsutaeteimasu) is the present continuous form of the verb ""伝える"" (tsutaeru), meaning ""to report"" or ""to convey,"" indicating that the reporting is ongoing or current."					NHK_WEB_EASY
そのうえで専門家の分析としてウクライナ軍の士気を高めるのに役立つことやNATO＝北大西洋条約機構の戦略データシステムとつなげることができ、探知能力の改善につながるなどのメリットを指摘する一方、供与される数が少ないことや兵士が運用経験を積むには時間がかかるなどの課題も伝えています	そのうえで専門家の分析としてウクライナ軍の士気を高めるのに役立つことやNATO＝北大西洋条約機構の戦略データシステムとつなげることができ、探知能力の改善につながるなどのメリットを指摘する一方、供与される数が少ないことや兵士が運用経験を積むには時間がかかるなどの課題も伝えています	そのうえで専門家の分析としてウクライナ軍の士気を高めるのに役立つことやNATO＝北大西洋条約機構の戦略データシステムとつなげることができ、探知能力の改善につながるなどのメリットを指摘する一方、供与される数が少ないことや兵士が運用経験を積むには時間がかかるなどの課題も伝えています	[Updated Regularly] Russia's Military Invasion of Ukraine (Updates as of August 5)	In addition, experts’ analysis pointed out benefits such as helping to boost the morale of the Ukrainian military and connecting with NATO's strategic data systems to improve detection capabilities. However, they also noted challenges such as the small number of aircraft being provided and the time required for soldiers to gain operational experience.	"1.) そのうえで (sono ue de): This means ""in addition"" or ""furthermore."" It is used to indicate that additional information is being provided.

2.) 専門家の分析として (senmonka no bunseki toshite): This means ""as experts’ analysis."" 専門家 (senmonka) means ""experts,"" の (no) is a possessive particle, 分析 (bunseki) means ""analysis,"" and として (toshite) means ""as"" or ""in the capacity of.""

3.) ウクライナ軍の士気を高めるのに役立つことや (Ukuraina-gun no shiki o takameru no ni yakudatsu koto ya): This means ""helping to boost the morale of the Ukrainian military."" ウクライナ軍 (Ukuraina-gun) means ""Ukrainian military,"" の (no) indicates possession, 士気 (shiki) means ""morale,"" を (o) is the direct object particle, 高める (takameru) means ""to boost,"" のに (no ni) indicates purpose, and 役立つ (yakudatsu) means ""to be helpful."" や (ya) is used to list items, implying ""and others.""

4.) NATO＝北大西洋条約機構の戦略データシステムとつなげることができ (NATO = Kita Taiseiyō Jōyaku Kikō no senryaku dēta shisutemu to tsunageru koto ga deki): This means ""connecting with NATO's strategic data systems."" NATO (North Atlantic Treaty Organization) is 北大西洋条約機構 (Kita Taiseiyō Jōyaku Kikō) in Japanese, 戦略データシステム (senryaku dēta shisutemu) means ""strategic data systems,"" と (to) means ""with,"" and つなげることができ (tsunageru koto ga deki) means ""can connect"" or ""is possible to connect.""

5.) 探知能力の改善につながるなどのメリットを指摘する (tanchi nōryoku no kaizen ni tsunagaru nado no meritto o shiteki suru): This means ""pointed out benefits such as improving detection capabilities."" 探知能力 (tanchi nōryoku) means ""detection capabilities,"" の (no) indicates possession, 改善 (kaizen) means ""improvement,"" につながる (ni tsunagaru) means ""leads to,"" などの (nado no) means ""such as"" or ""and others,"" and メリット (meritto) means ""benefits."" 指摘する (shiteki suru) means ""to point out.""

6.) 一方、供与される数が少ないことや (ippō, kyōyo sareru kazu ga sukunai koto ya): This means ""on the other hand, the small number of aircraft being provided."" 一方 (ippō) means ""on the other hand,"" 供与される (kyōyo sareru) means ""being provided,"" 数 (kazu) means ""number,"" が (ga) is the subject marker, and 少ない (sukunai) means ""small"" or ""few."" ことや (koto ya) is used to list additional points, implying ""and others.""

7.) 兵士が運用経験を積むには時間がかかるなどの課題も伝えています (heishi ga un'yō keiken o tsumu ni wa jikan ga kakaru nado no kadai mo tsutaeteimasu): This means ""challenges such as the time required for soldiers to gain operational experience."" 兵士 (heishi) means ""soldiers,"" が (ga) is the subject marker, 運用経験 (un'yō keiken) means ""operational experience,"" を (o) is the direct object particle, 積むには (tsumu ni wa) means ""to gain,"" 時間 (jikan) means ""time,"" が (ga) is the subject marker, かかる (kakaru) means ""takes"" or ""requires,"" などの (nado no) means ""such as"" or ""and others,"" and 課題 (kadai) means ""challenges."" も (mo) means ""also,"" and 伝えています (tsutaeteimasu) means ""is reporting"" or ""is conveying."""					NHK_WEB_EASY
ウクライナの戦力強化にどこまでつながるかが焦点となります	ウクライナの戦力強化にどこまでつながるかが焦点となります	ウクライナの戦力強化にどこまでつながるかが焦点となります	[Updated Regularly] Russia's Military Invasion of Ukraine (Updates as of August 5)	The focus will be on how much this will contribute to strengthening Ukraine's military power.	"1.) ウクライナの (Ukuraina no): This means ""of Ukraine."" ウクライナ (Ukuraina) is ""Ukraine,"" and の (no) is a possessive particle indicating ""of"" or ""belonging to.""

2.) 戦力強化に (senryoku kyōka ni): This means ""to strengthening military power."" 戦力 (senryoku) means ""military power"" or ""combat strength,"" 強化 (kyōka) means ""strengthening"" or ""enhancement,"" and に (ni) indicates the direction or target of an action.

3.) どこまで (doko made): This means ""how much"" or ""to what extent."" It is used to inquire about the extent or degree of something.

4.) つながるか (tsunagaru ka): This means ""how much it will contribute to"" or ""how much it will connect to."" つながる (tsunagaru) means ""to contribute to"" or ""to connect,"" and か (ka) is a question marker, indicating the uncertainty or focus on how much.

5.) が (ga): This is the subject marker, indicating that the preceding clause is the focus of the statement.

6.) 焦点となります (shōten to narimasu): This means ""will be the focus."" 焦点 (shōten) means ""focus"" or ""point of interest,"" と (to) indicates that it is becoming or turning into, and なります (narimasu) is the verb meaning ""to become"" or ""to turn into."""					NHK_WEB_EASY
ウクライナ情勢 ロシアによる軍事侵攻 最新情報・解説 - NHK特設サイト	ウクライナ情勢 ロシアによる軍事侵攻 最新情報・解説 - NHK特設サイト	ウクライナ情勢 ロシアによる軍事侵攻 最新情報・解説 - NHK特設サイト	[Updated Regularly] Russia's Military Invasion of Ukraine (Updates as of August 5)	Ukraine Situation: Latest Information and Analysis on Russia's Military Invasion - NHK Special Site	"1.) ウクライナ情勢 (Ukuraina jōsei): This means ""Ukraine situation."" ウクライナ (Ukuraina) is ""Ukraine,"" and 情勢 (jōsei) means ""situation"" or ""state of affairs.""

2.) ロシアによる (Roshia ni yoru): This means ""by Russia"" or ""from Russia."" ロシア (Roshia) is ""Russia,"" and による (ni yoru) indicates the source or agent responsible for something.

3.) 軍事侵攻 (gunji shinkō): This means ""military invasion."" 軍事 (gunji) means ""military,"" and 侵攻 (shinkō) means ""invasion"" or ""attack.""

4.) 最新情報・解説 (saishin jōhō ・ kaisetsu): This means ""latest information and analysis."" 最新情報 (saishin jōhō) means ""latest information,"" with 最新 (saishin) meaning ""latest"" and 情報 (jōhō) meaning ""information."" 解説 (kaisetsu) means ""analysis"" or ""explanation.""

5.) NHK特設サイト (NHK tokusetsu saito): This means ""NHK special site."" NHK is Japan's national broadcasting organization, and 特設サイト (tokusetsu saito) means ""special site"" or ""dedicated site,"" indicating a website set up for a specific purpose."					NHK_WEB_EASY
【随時更新】イスラエル パレスチナ 中東情勢（8月5日）	【随時更新】イスラエル パレスチナ 中東情勢（8月5日）	【随時更新】イスラエル パレスチナ 中東情勢（8月5日）	[Updated regularly] Israel, Palestine, Middle East situation (August 5)	[Updated regularly] Israel, Palestine, Middle East situation (August 5)	"1.) 随時更新 (zuiji koushin): This phrase means ""updated regularly"" or ""as needed."" 随時 (zuiji) refers to ""as needed"" or ""at any time,"" and 更新 (koushin) means ""update.""

2.) イスラエル (Isuraeru): This is the Japanese transliteration for ""Israel.""

3.) パレスチナ (Paresuchina): This is the Japanese transliteration for ""Palestine.""

4.) 中東情勢 (Chuutou jousei): This means ""Middle East situation."" 中東 (Chuutou) refers to the ""Middle East,"" and 情勢 (jousei) means ""situation"" or ""conditions.""

5.) （8月5日） (8-gatsu 5-nichi): This indicates the date ""August 5."""					NHK_WEB_EASY
イスラム組織ハマスの最高幹部が殺害されたことなどを受けて、アメリカのニュースサイトは、ブリンケン国務長官がG7＝主要7か国の外相に対し、イラン側によるイスラエルへの報復攻撃が早ければ24時間から48時間以内に始まる可能性があると伝えたと報じました	イスラム組織ハマスの最高幹部が殺害されたことなどを受けて、アメリカのニュースサイトは、ブリンケン国務長官がG7＝主要7か国の外相に対し、イラン側によるイスラエルへの報復攻撃が早ければ24時間から48時間以内に始まる可能性があると伝えたと報じました	イスラム組織ハマスの最高幹部が殺害されたことなどを受けて、アメリカのニュースサイトは、ブリンケン国務長官がG7＝主要7か国の外相に対し、イラン側によるイスラエルへの報復攻撃が早ければ24時間から48時間以内に始まる可能性があると伝えたと報じました	[Updated regularly] Israel, Palestine, Middle East situation (August 5)	Following the killing of a top Hamas leader, American news sites reported that Secretary of State Antony Blinken informed G7 foreign ministers that there is a possibility that Iran might launch retaliatory attacks against Israel within 24 to 48 hours.	"1.) イスラム組織ハマスの最高幹部 (Isuramu soshiki Hamasu no saikou kanbu): This phrase means ""a top leader of the Islamic organization Hamas."" イスラム組織 (Isuramu soshiki) means ""Islamic organization,"" ハマス (Hamasu) is ""Hamas,"" and 最高幹部 (saikou kanbu) refers to a ""top leader"" or ""senior executive.""

2.) が (ga): This particle marks the subject of the sentence.

3.) 殺害された (satsugai sareta): This means ""was killed."" 殺害 (satsugai) means ""killing"" or ""murder,"" and された (sareta) is the past passive form of the verb する (suru), meaning ""to do,"" used here to indicate the action was done to the subject.

4.) ことなどを受けて (koto nado o ukete): This phrase means ""following the occurrence of such events"" or ""in response to such matters."" こと (koto) refers to the event or matter, など (nado) means ""such as"" or ""etc.,"" and 受けて (ukete) means ""following"" or ""in response to.""

5.) アメリカのニュースサイトは (Amerika no nyuusu saito wa): This means ""American news sites."" アメリカ (Amerika) is ""America,"" ニュースサイト (nyuusu saito) is ""news sites,"" and は (wa) is the topic marker.

6.) ブリンケン国務長官 (Burinken kokumu choukans): This is ""Secretary of State Antony Blinken."" ブリンケン (Burinken) is ""Blinken,"" 国務長官 (kokumu choukans) means ""Secretary of State.""

7.) が (ga): This particle marks the subject of the sentence.

8.) G7＝主要7か国の外相 (G7 = shuyou 7 kakoku no gaishou): This refers to the ""G7 = foreign ministers of the seven major countries."" G7 is the Group of Seven, 主要7か国 (shuyou 7 kakoku) means ""seven major countries,"" and 外相 (gaishou) means ""foreign ministers.""

9.) に対し (ni taishi): This means ""to"" or ""regarding."" It indicates the target or recipient of the action.

10.) イラン側によるイスラエルへの報復攻撃 (Iran-gawa ni yoru Isuraeru e no houfuku kougeki): This refers to ""retaliatory attacks against Israel by Iran."" イラン側 (Iran-gawa) means ""by Iran,"" イスラエルへの (Isuraeru e no) means ""against Israel,"" and 報復攻撃 (houfuku kougeki) means ""retaliatory attacks.""

11.) が (ga): This particle marks the subject of the clause.

12.) 早ければ24時間から48時間以内に (hayakereba 24 jikan kara 48 jikan inai ni): This phrase means ""if it is soon, within 24 to 48 hours."" 早ければ (hayakereba) means ""if soon,"" 24時間から48時間 (24 jikan kara 48 jikan) is ""24 to 48 hours,"" and 内に (inai ni) means ""within.""

13.) 始まる可能性がある (hajimaru kanousei ga aru): This means ""there is a possibility that it may begin."" 始まる (hajimaru) is ""to begin,"" 可能性 (kanousei) means ""possibility,"" and がある (ga aru) indicates the existence of that possibility.

14.) と (to): This particle is used to quote or report what was said.

15.) 報じました (houjimashita): This means ""reported."" 報じる (houjiru) is ""to report,"" and ました (mashita) is the polite past tense form."					NHK_WEB_EASY
※中東情勢に関する日本時間8月5日の動きを随時更新してお伝えします	※中東情勢に関する日本時間8月5日の動きを随時更新してお伝えします	※中東情勢に関する日本時間8月5日の動きを随時更新してお伝えします	[Updated regularly] Israel, Palestine, Middle East situation (August 5)	We will update and provide information on the developments regarding the Middle East situation as of Japan time, August 5, regularly.	"1.) ※ (suto): This symbol is used to denote a note or important information.

2.) 中東情勢 (Chuutou jousei): This means ""Middle East situation."" 中東 (Chuutou) refers to the ""Middle East,"" and 情勢 (jousei) means ""situation"" or ""conditions.""

3.) に関する (ni kansuru): This means ""regarding"" or ""concerning."" に (ni) is a particle indicating the target or subject, and 関する (kansuru) means ""concerning"" or ""related to.""

4.) 日本時間8月5日 (Nihon jikan 8-gatsu 5-nichi): This refers to ""Japan time, August 5."" 日本時間 (Nihon jikan) means ""Japan time,"" 8月5日 (8-gatsu 5-nichi) is ""August 5.""

5.) の (no): This particle indicates possession or relationship, meaning ""of"" in this context.

6.) 動き (ugoki): This means ""developments"" or ""movements."" It refers to changes or updates in the situation.

7.) を (o): This particle marks the direct object of the verb.

8.) 随時更新してお伝えします (zuiji koushin shite otsutae shimasu): This means ""we will update and provide information regularly."" 随時 (zuiji) means ""regularly"" or ""as needed,"" 更新して (koushin shite) is ""update"" (with して (shite) being the te-form of the verb 更新する (koushin suru)), and お伝えします (otsutae shimasu) means ""will provide"" or ""will convey"" (with お伝え (otsutae) being the honorific form of 伝える (tsutaeru), and します (shimasu) indicating the polite future tense)."					NHK_WEB_EASY
"ネタニヤフ首相 “どんな攻撃にも重い代償” イラン側をけん制
								
										ハマスのハニーヤ最高幹部が7月31日、訪問先のイランで殺害されたことを受けて、イランはイスラエルによる攻撃だとして報復を行う構えです"	"ネタニヤフ首相 “どんな攻撃にも重い代償” イラン側をけん制
								
										ハマスのハニーヤ最高幹部が7月31日、訪問先のイランで殺害されたことを受けて、イランはイスラエルによる攻撃だとして報復を行う構えです"	"ネタニヤフ首相 “どんな攻撃にも重い代償” イラン側をけん制
								
										ハマスのハニーヤ最高幹部が7月31日、訪問先のイランで殺害されたことを受けて、イランはイスラエルによる攻撃だとして報復を行う構えです"	[Updated regularly] Israel, Palestine, Middle East situation (August 5)	"Prime Minister Netanyahu: ""Heavy price for any attack"" — A warning to Iran

Following the killing of Hamas's top leader Haniyeh on July 31 during his visit to Iran, Iran is preparing to retaliate, claiming that the attack was carried out by Israel."	"1.) ネタニヤフ首相 (Netanyahu shushou): This means ""Prime Minister Netanyahu."" ネタニヤフ (Netanyahu) is the name ""Netanyahu,"" and 首相 (shushou) means ""Prime Minister.""

2.) “どんな攻撃にも重い代償” (donna kougeki ni mo omoi daishou): This phrase means ""heavy price for any attack."" どんな (donna) means ""any"" or ""whatever,"" 攻撃 (kougeki) means ""attack,"" にも (nimo) indicates ""even to,"" and 重い代償 (omoi daishou) means ""heavy price"" or ""severe consequences.""

3.) イラン側をけん制 (Iran-gawa o kensei): This means ""a warning to Iran."" イラン側 (Iran-gawa) refers to ""Iran"" or ""the Iranian side,"" and けん制 (kensei) means ""warning"" or ""dissuasion.""

4.) ハマスのハニーヤ最高幹部 (Hamasu no Haniiya saikou kanbu): This refers to ""Hamas's top leader Haniyeh."" ハマス (Hamasu) is ""Hamas,"" ハニーヤ (Haniiya) is the transliteration of ""Haniyeh,"" and 最高幹部 (saikou kanbu) means ""top leader.""

5.) が (ga): This particle marks the subject of the sentence.

6.) 7月31日 (shichigatsu sanjuuichi-nichi): This is ""July 31.""

7.) 訪問先のイランで (houmon-saki no Iran de): This means ""in Iran, where he was visiting."" 訪問先 (houmon-saki) means ""the place of visit,"" and イランで (Iran de) means ""in Iran.""

8.) 殺害されたことを受けて (satsugai sareta koto o ukete): This means ""following the killing."" 殺害された (satsugai sareta) is ""was killed,"" こと (koto) refers to the event, and 受けて (ukete) means ""following"" or ""in response to.""

9.) イランは (Iran wa): This means ""Iran."" イラン (Iran) is ""Iran,"" and は (wa) is the topic marker.

10.) イスラエルによる攻撃だとして (Isuraeru ni yoru kougeki da to shite): This means ""claiming it was an attack by Israel."" イスラエルによる (Isuraeru ni yoru) means ""by Israel,"" 攻撃 (kougeki) is ""attack,"" and だとして (da to shite) means ""claiming it to be.""

11.) 報復を行う構えです (houfuku o okonau kamae desu): This means ""preparing to retaliate."" 報復 (houfuku) is ""retaliation"" or ""revenge,"" を (o) marks the object, 行う (okonau) means ""to carry out"" or ""to perform,"" and 構えです (kamae desu) indicates the state of being prepared."					NHK_WEB_EASY
こうした中、ネタニヤフ首相は8月4日の閣議で「われわれは防衛と攻撃の両面であらゆる事態に備えている	こうした中、ネタニヤフ首相は8月4日の閣議で「われわれは防衛と攻撃の両面であらゆる事態に備えている	こうした中、ネタニヤフ首相は8月4日の閣議で「われわれは防衛と攻撃の両面であらゆる事態に備えている	[Updated regularly] Israel, Palestine, Middle East situation (August 5)	"Amidst this situation, Prime Minister Netanyahu stated in a cabinet meeting on August 4, ""We are prepared for all situations in both defense and offense."""	"1.) こうした中 (koushita naka): This means ""amidst this situation"" or ""in this context."" こうした (koushita) means ""such"" or ""these kinds of,"" and 中 (naka) means ""within"" or ""amidst.""

2.) ネタニヤフ首相 (Netanyahu shushou): This means ""Prime Minister Netanyahu."" ネタニヤフ (Netanyahu) is the name ""Netanyahu,"" and 首相 (shushou) means ""Prime Minister.""

3.) は (wa): This particle marks the topic of the sentence.

4.) 8月4日の (8-gatsu 4-nichi no): This means ""on August 4."" 8月4日 (8-gatsu 4-nichi) is ""August 4,"" and の (no) indicates possession or relation.

5.) 閣議で (kakugi de): This means ""in a cabinet meeting."" 閣議 (kakugi) is ""cabinet meeting,"" and で (de) indicates the place or context of the action.

6.) 「われわれは (wareware wa): This means ""we"" or ""our side."" われわれ (wareware) is a formal way to say ""we,"" and は (wa) is the topic marker.

7.) 防衛と攻撃の両面で (bouei to kougeki no ryōmen de): This means ""in both defense and offense."" 防衛 (bouei) means ""defense,"" と (to) means ""and,"" 攻撃 (kougeki) means ""offense,"" の (no) indicates ""of,"" and 両面 (ryōmen) means ""both aspects"" or ""two sides.""

8.) あらゆる事態に (arayuru jitai ni): This means ""for all situations."" あらゆる (arayuru) means ""all"" or ""every,"" and 事態 (jitai) means ""situation"" or ""condition.""

9.) 備えている (sonaete iru): This means ""are prepared"" or ""are ready."" 備えている (sonaete iru) is the te-form of the verb 備える (sonaeru), meaning ""to prepare,"" with いる (iru) indicating the ongoing state of being prepared."					NHK_WEB_EASY
イスラエルに対するどのような攻撃にも重い代償を科す」と述べて、イラン側を改めてけん制しました	イスラエルに対するどのような攻撃にも重い代償を科す」と述べて、イラン側を改めてけん制しました	イスラエルに対するどのような攻撃にも重い代償を科す」と述べて、イラン側を改めてけん制しました	[Updated regularly] Israel, Palestine, Middle East situation (August 5)	"He stated, ""Any attack against Israel will incur a heavy price,"" and reiterated his warning to Iran."	"1.) イスラエルに対する (Isuraeru ni taisuru): This means ""against Israel."" イスラエル (Isuraeru) is ""Israel,"" and に対する (ni taisuru) means ""against"" or ""toward.""

2.) どのような攻撃にも (dono youna kougeki ni mo): This means ""any kind of attack."" どのような (dono youna) means ""any kind of"" or ""whatever kind,"" 攻撃 (kougeki) means ""attack,"" and にも (nimo) means ""even to"" or ""to any.""

3.) 重い代償を科す (omoi daishou o kasu): This means ""incur a heavy price."" 重い代償 (omoi daishou) means ""heavy price"" or ""severe consequences,"" and を科す (o kasu) means ""to impose"" or ""to incur.""

4.) と述べて (to nobete): This means ""stated"" or ""said."" と (to) is used for quoting, and 述べて (nobete) is the te-form of 述べる (noberu), meaning ""to state"" or ""to mention.""

5.) イラン側を改めてけん制しました (Iran-gawa o aratamete kensei shimashita): This means ""reiterated his warning to Iran."" イラン側 (Iran-gawa) means ""the Iranian side"" or ""Iran,"" 改めて (aratamete) means ""again"" or ""reiterated,"" and けん制しました (kensei shimashita) means ""issued a warning"" (with けん制する (kensei suru) meaning ""to warn"" or ""to dissuade"" and しました (shimashita) being the polite past tense)."					NHK_WEB_EASY
4日にはガラント国防相も軍の幹部と会議を開いたほか、地元メディアのハーレツは、5日には、アメリカ中央軍の司令官がイスラエルを訪問して、報復攻撃への対応を協議する見込みだと伝えるなど、イスラエル側も防衛態勢の強化を進めているとみられ、緊迫した状況となっています	4日にはガラント国防相も軍の幹部と会議を開いたほか、地元メディアのハーレツは、5日には、アメリカ中央軍の司令官がイスラエルを訪問して、報復攻撃への対応を協議する見込みだと伝えるなど、イスラエル側も防衛態勢の強化を進めているとみられ、緊迫した状況となっています	4日にはガラント国防相も軍の幹部と会議を開いたほか、地元メディアのハーレツは、5日には、アメリカ中央軍の司令官がイスラエルを訪問して、報復攻撃への対応を協議する見込みだと伝えるなど、イスラエル側も防衛態勢の強化を進めているとみられ、緊迫した状況となっています	[Updated regularly] Israel, Palestine, Middle East situation (August 5)	On the 4th, Defense Minister Gallant also held a meeting with military officials. Additionally, local media outlet Haaretz reported that on the 5th, the commander of the U.S. Central Command is expected to visit Israel to discuss responses to retaliatory attacks. It appears that Israel is also strengthening its defense posture, resulting in a tense situation.	"1.) 4日には (4-nichi ni wa): This means ""on the 4th."" 4日 (4-nichi) is ""the 4th day,"" and には (ni wa) indicates the time or context of the action.

2.) ガラント国防相も (Garanto kokubou-shou mo): This means ""Defense Minister Gallant also."" ガラント (Garanto) is the transliteration of ""Gallant,"" and 国防相 (kokubou-shou) means ""Defense Minister."" も (mo) means ""also.""

3.) 軍の幹部と会議を開いた (gun no kanbu to kaigi o hiraita): This means ""held a meeting with military officials."" 軍の幹部 (gun no kanbu) means ""military officials,"" と (to) means ""with,"" and 会議を開いた (kaigi o hiraita) means ""held a meeting"" (with 開いた (hiraita) being the past form of 開く (hiraku), meaning ""to open"" or ""to hold"").

4.) ほか (hoka): This means ""in addition"" or ""besides.""

5.) 地元メディアのハーレツは (jimoto media no Haaretz wa): This means ""local media outlet Haaretz."" 地元メディア (jimoto media) means ""local media,"" and ハーレツ (Haaretz) is the name of the media outlet.

6.) 5日には (5-nichi ni wa): This means ""on the 5th."" 5日 (5-nichi) is ""the 5th day.""

7.) アメリカ中央軍の司令官 (Amerika chuuou-gun no shireikan): This refers to ""the commander of the U.S. Central Command."" アメリカ中央軍 (Amerika chuuou-gun) is ""U.S. Central Command,"" and 司令官 (shireikan) means ""commander.""

8.) が (ga): This particle marks the subject of the sentence.

9.) イスラエルを訪問して (Isuraeru o houmon shite): This means ""visit Israel."" イスラエル (Isuraeru) is ""Israel,"" and 訪問して (houmon shite) is the te-form of 訪問する (houmon suru), meaning ""to visit.""

10.) 報復攻撃への対応を協議する見込みだと伝える (houfuku kougeki e no taiou o kyougi suru mikomi da to tsutaeru): This means ""expected to discuss responses to retaliatory attacks."" 報復攻撃への (houfuku kougeki e no) means ""to retaliatory attacks,"" 対応 (taiou) means ""response,"" 協議する (kyougi suru) means ""to discuss,"" and 見込みだと伝える (mikomi da to tsutaeru) means ""it is expected"" (with 見込み (mikomi) meaning ""expectation"" and だと伝える (da to tsutaeru) meaning ""to report"").

11.) イスラエル側も (Isuraeru-gawa mo): This means ""Israel is also."" イスラエル側 (Isuraeru-gawa) means ""the Israeli side"" or ""Israel,"" and も (mo) means ""also.""

12.) 防衛態勢の強化を進めているとみられ (bouei taisei no kyouka o susumete iru to mirare): This means ""is seen to be strengthening its defense posture."" 防衛態勢 (bouei taisei) means ""defense posture,"" 強化 (kyouka) means ""strengthening,"" を (o) marks the object, and 進めている (susumete iru) means ""is advancing"" or ""is progressing."" とみられ (to mirare) means ""is seen to be"" or ""is considered.""

13.) 緊迫した状況となっています (kinpaku shita joukyou to natteimasu): This means ""resulting in a tense situation."" 緊迫した (kinpaku shita) means ""tense"" or ""strained,"" 状況 (joukyou) means ""situation,"" and となっています (to natteimasu) means ""has become"" or ""is resulting in."""					NHK_WEB_EASY
また、イランの支援を受けるレバノンのイスラム教シーア派組織ヒズボラもイスラエル軍の空爆で幹部が殺害されていて、報復攻撃を行う方針です	また、イランの支援を受けるレバノンのイスラム教シーア派組織ヒズボラもイスラエル軍の空爆で幹部が殺害されていて、報復攻撃を行う方針です	また、イランの支援を受けるレバノンのイスラム教シーア派組織ヒズボラもイスラエル軍の空爆で幹部が殺害されていて、報復攻撃を行う方針です	[Updated regularly] Israel, Palestine, Middle East situation (August 5)	Additionally, Hezbollah, a Shia Islamic organization in Lebanon receiving support from Iran, has had its officials killed in Israeli airstrikes and is planning to carry out retaliatory attacks.	"1.) また (mata): This means ""additionally"" or ""furthermore.""

2.) イランの支援を受ける (Iran no shien o ukeru): This means ""receiving support from Iran."" イランの (Iran no) means ""from Iran,"" 支援 (shien) means ""support,"" and を受ける (o ukeru) means ""to receive.""

3.) レバノンのイスラム教シーア派組織ヒズボラも (Rebanon no isuramu-kyou shia-ha soshiki Hizubora mo): This means ""Hezbollah, a Shia Islamic organization in Lebanon, also."" レバノン (Rebanon) is ""Lebanon,"" イスラム教シーア派 (isuramu-kyou shia-ha) means ""Shia Islamic,"" 組織 (soshiki) means ""organization,"" and ヒズボラ (Hizubora) is the transliteration of ""Hezbollah."" も (mo) means ""also.""

4.) イスラエル軍の空爆で (Isuraeru-gun no kūbaku de): This means ""in Israeli airstrikes."" イスラエル軍 (Isuraeru-gun) means ""Israeli military,"" 空爆 (kūbaku) means ""airstrikes,"" and で (de) indicates the means or cause.

5.) 幹部が殺害されていて (kanbu ga satsugai sarete ite): This means ""officials have been killed."" 幹部 (kanbu) means ""officials"" or ""leaders,"" が (ga) marks the subject, 殺害されていて (satsugai sarete ite) means ""have been killed"" (with 殺害されている (satsugai sarete iru) being the continuous form of the verb 殺害する (satsugai suru), meaning ""to kill"").

6.) 報復攻撃を行う方針です (houfuku kougeki o okonau houshin desu): This means ""is planning to carry out retaliatory attacks."" 報復攻撃 (houfuku kougeki) means ""retaliatory attacks,"" を (o) marks the object, 行う (okonau) means ""to carry out,"" and 方針です (houshin desu) means ""policy"" or ""plan"" (with 方針 (houshin) meaning ""policy"" or ""plan,"" and です (desu) indicating the statement is in the polite form)."					NHK_WEB_EASY
"米国務長官 イラン側の報復攻撃 “早ければ24～48時間以内か”
								
										アメリカのニュースサイト、アクシオスは、複数の情報筋の話として、ブリンケン国務長官が4日、G7の外相に対し、イランとヒズボラによる報復攻撃について、攻撃開始の正確なタイミングが分からないものの、早ければ24時間から48時間以内に始まる可能性があると伝えたと報じました"	"米国務長官 イラン側の報復攻撃 “早ければ24～48時間以内か”
								
										アメリカのニュースサイト、アクシオスは、複数の情報筋の話として、ブリンケン国務長官が4日、G7の外相に対し、イランとヒズボラによる報復攻撃について、攻撃開始の正確なタイミングが分からないものの、早ければ24時間から48時間以内に始まる可能性があると伝えたと報じました"	"米国務長官 イラン側の報復攻撃 “早ければ24～48時間以内か”
								
										アメリカのニュースサイト、アクシオスは、複数の情報筋の話として、ブリンケン国務長官が4日、G7の外相に対し、イランとヒズボラによる報復攻撃について、攻撃開始の正確なタイミングが分からないものの、早ければ24時間から48時間以内に始まる可能性があると伝えたと報じました"	[Updated regularly] Israel, Palestine, Middle East situation (August 5)	"U.S. Secretary of State: Iran's retaliatory attacks ""could start within 24 to 48 hours at the earliest""

American news site Axios reported, based on multiple sources, that Secretary of State Antony Blinken informed G7 foreign ministers on the 4th that while the exact timing of retaliatory attacks by Iran and Hezbollah is unknown, they could potentially begin within 24 to 48 hours at the earliest."	"1.) 米国務長官 (Beikoku kokumu choukans): This means ""U.S. Secretary of State."" 米国 (Beikoku) means ""United States,"" and 国務長官 (kokumu choukans) means ""Secretary of State.""

2.) イラン側の報復攻撃 (Iran-gawa no houfuku kougeki): This means ""Iran's retaliatory attacks."" イラン側 (Iran-gawa) refers to ""the Iranian side,"" and 報復攻撃 (houfuku kougeki) means ""retaliatory attacks.""

3.) “早ければ24～48時間以内か” (""hayakereba 24~48 jikan inai ka""): This means ""could start within 24 to 48 hours at the earliest."" 早ければ (hayakereba) means ""if it is early"" or ""at the earliest,"" 24～48時間 (24~48 jikan) means ""24 to 48 hours,"" and 内に (inai ni) means ""within.""

4.) アメリカのニュースサイト、アクシオスは (Amerika no nyuusu saito, Akushiosu wa): This means ""American news site Axios."" アメリカのニュースサイト (Amerika no nyuusu saito) means ""American news site,"" and アクシオス (Akushiosu) is the transliteration of ""Axios.""

5.) 複数の情報筋の話として (fukusū no jōhōsuji no hanashi to shite): This means ""based on multiple sources."" 複数の (fukusū no) means ""multiple,"" 情報筋 (jōhōsuji) means ""sources,"" and の話として (no hanashi to shite) means ""based on the information.""

6.) ブリンケン国務長官が4日 (Burinken kokumu choukans ga 4-nichi): This means ""Secretary of State Antony Blinken on the 4th."" ブリンケン (Burinken) is ""Blinken,"" 国務長官 (kokumu choukans) is ""Secretary of State,"" and 4日 (4-nichi) is ""the 4th.""

7.) G7の外相に対し (G7 no gaishou ni taishi): This means ""to G7 foreign ministers."" G7 (G7) refers to the Group of Seven, 外相 (gaishou) means ""foreign ministers,"" and に対し (ni taishi) means ""to"" or ""regarding.""

8.) イランとヒズボラによる報復攻撃 (Iran to Hizubora ni yoru houfuku kougeki): This means ""retaliatory attacks by Iran and Hezbollah."" イラン (Iran) and ヒズボラ (Hizubora) are ""Iran"" and ""Hezbollah,"" respectively, and による (ni yoru) means ""by.""

9.) 攻撃開始の正確なタイミングが分からないものの (kougeki kaishi no seikaku na taiming ga wakaranai mono no): This means ""while the exact timing of the attacks is unknown."" 攻撃開始 (kougeki kaishi) means ""attack start,"" 正確な (seikaku na) means ""exact,"" タイミング (taimingu) means ""timing,"" and 分からない (wakaranai) means ""unknown.""

10.) 早ければ24時間から48時間以内に始まる可能性があると伝えた (hayakereba 24 jikan kara 48 jikan inai ni hajimaru kanousei ga aru to tsutaeta): This means ""there is a possibility they could begin within 24 to 48 hours at the earliest."" 早ければ (hayakereba) means ""at the earliest,"" 24時間から48時間以内に (24 jikan kara 48 jikan inai ni) means ""within 24 to 48 hours,"" 始まる (hajimaru) means ""to begin,"" 可能性がある (kanousei ga aru) means ""there is a possibility,"" and と伝えた (to tsutaeta) means ""reported.""

11.) と報じました (to houjimashita): This means ""reported."" と (to) is used for quoting, and 報じました (houjimashita) is the past tense of 報じる (houjiru), meaning ""to report."""					NHK_WEB_EASY
同時にブリンケン長官は、最大限の抑制を促すため、G7各国がイランとヒズボラに加えイスラエルに対して外交的な圧力をかけるよう要請したということです	同時にブリンケン長官は、最大限の抑制を促すため、G7各国がイランとヒズボラに加えイスラエルに対して外交的な圧力をかけるよう要請したということです	同時にブリンケン長官は、最大限の抑制を促すため、G7各国がイランとヒズボラに加えイスラエルに対して外交的な圧力をかけるよう要請したということです	[Updated regularly] Israel, Palestine, Middle East situation (August 5)	At the same time, Secretary Blinken requested that the G7 countries apply diplomatic pressure on not only Iran and Hezbollah but also Israel, in order to encourage maximum restraint.	"1.) 同時に (dōji ni): This means ""at the same time.""

2.) ブリンケン長官は (Burinken chōkan wa): This means ""Secretary Blinken."" ブリンケン (Burinken) is ""Blinken,"" and 長官 (chōkan) means ""Secretary"" or ""Director.""

3.) 最大限の抑制を促すため (saidaigen no yokusei o unagasu tame): This means ""to encourage maximum restraint."" 最大限の (saidaigen no) means ""maximum,"" 抑制 (yokusei) means ""restraint,"" and を促すため (o unagasu tame) means ""to encourage.""

4.) G7各国が (G7 kakkoku ga): This means ""the G7 countries."" G7 (G7) refers to the Group of Seven, and 各国 (kakkoku) means ""each country"" or ""countries.""

5.) イランとヒズボラに加え (Iran to Hizubora ni kuwae): This means ""in addition to Iran and Hezbollah."" イラン (Iran) and ヒズボラ (Hizubora) are ""Iran"" and ""Hezbollah,"" and に加え (ni kuwae) means ""in addition to.""

6.) イスラエルに対して (Isuraeru ni taishite): This means ""against Israel."" イスラエル (Isuraeru) is ""Israel,"" and に対して (ni taishite) means ""against"" or ""toward.""

7.) 外交的な圧力をかけるよう (gaikō-teki na atsuryoku o kakeru yō): This means ""to apply diplomatic pressure."" 外交的な (gaikō-teki na) means ""diplomatic,"" 圧力 (atsuryoku) means ""pressure,"" and をかけるよう (o kakeru yō) means ""to apply.""

8.) 要請したということです (yōsei shita to iu koto desu): This means ""requested."" 要請した (yōsei shita) is the past form of 要請する (yōsei suru), meaning ""to request,"" と (to) is used for quoting, and ということです (to iu koto desu) means ""it is said"" or ""it is reported."""					NHK_WEB_EASY
"緊張緩和目指した動き ヨルダン外相 イラン大統領などと会談
								
										一方、緊張緩和を目指した動きも出ていて、ヨルダンのサファディ外相は、4日、イランを訪問して、ペゼシュキアン大統領やバゲリ外相代行と会談し、中東で緊張が高まっていることについて意見を交わしたということです"	"緊張緩和目指した動き ヨルダン外相 イラン大統領などと会談
								
										一方、緊張緩和を目指した動きも出ていて、ヨルダンのサファディ外相は、4日、イランを訪問して、ペゼシュキアン大統領やバゲリ外相代行と会談し、中東で緊張が高まっていることについて意見を交わしたということです"	"緊張緩和目指した動き ヨルダン外相 イラン大統領などと会談
								
										一方、緊張緩和を目指した動きも出ていて、ヨルダンのサファディ外相は、4日、イランを訪問して、ペゼシュキアン大統領やバゲリ外相代行と会談し、中東で緊張が高まっていることについて意見を交わしたということです"	[Updated regularly] Israel, Palestine, Middle East situation (August 5)	"Efforts to Ease Tensions: Jordanian Foreign Minister Holds Talks with Iranian President and Others

On the other hand, there are also efforts to ease tensions. Jordan's Foreign Minister Safadi visited Iran on the 4th, where he held talks with President Pezeshkian and Acting Foreign Minister Bagheri, exchanging views on the increasing tensions in the Middle East."	"1.) 緊張緩和目指した動き (kinchou kanwa mezasita ugoki): This means ""efforts to ease tensions."" 緊張緩和 (kinchou kanwa) means ""easing tensions,"" 目指した (mezasita) means ""aimed at"" or ""targeting,"" and 動き (ugoki) means ""movement"" or ""efforts.""

2.) ヨルダン外相 (Yorudan gaishou): This means ""Jordanian Foreign Minister."" ヨルダン (Yorudan) is ""Jordan,"" and 外相 (gaishou) means ""Foreign Minister.""

3.) イラン大統領などと会談 (Iran daitōryō nado to kaidan): This means ""holds talks with Iranian President and others."" イラン大統領 (Iran daitōryō) means ""Iranian President,"" など (nado) means ""and others,"" and 会談 (kaidan) means ""talks"" or ""meeting.""

4.) 一方 (ippō): This means ""on the other hand.""

5.) 緊張緩和を目指した動きも出ていて (kinchou kanwa o mezasita ugoki mo dete ite): This means ""there are also efforts to ease tensions."" 緊張緩和 (kinchou kanwa) means ""easing tensions,"" を目指した (o mezasita) means ""aimed at,"" and 動きも出ていて (ugoki mo dete ite) means ""there are also efforts"" (with 出ていて (dete ite) indicating the ongoing presence of these efforts).

6.) ヨルダンのサファディ外相は (Yorudan no Safadi gaishou wa): This means ""Jordan's Foreign Minister Safadi."" ヨルダンの (Yorudan no) means ""Jordan's,"" サファディ (Safadi) is the name ""Safadi,"" and 外相 (gaishou) means ""Foreign Minister.""

7.) 4日 (4-nichi): This means ""on the 4th.""

8.) イランを訪問して (Iran o hōmon shite): This means ""visited Iran."" イラン (Iran) is ""Iran,"" and 訪問して (hōmon shite) is the te-form of 訪問する (hōmon suru), meaning ""to visit.""

9.) ペゼシュキアン大統領やバゲリ外相代行と (Pezeshkian daitōryō ya Bagheri gaishou daikō to): This means ""with President Pezeshkian and Acting Foreign Minister Bagheri."" ペゼシュキアン大統領 (Pezeshkian daitōryō) is ""President Pezeshkian,"" バゲリ外相代行 (Bagheri gaishou daikō) is ""Acting Foreign Minister Bagheri,"" and と (to) means ""with.""

10.) 会談し (kaidan shi): This means ""held talks."" 会談 (kaidan) means ""talks"" or ""meeting,"" and し (shi) is the te-form of する (suru), meaning ""to do.""

11.) 中東で緊張が高まっていることについて (Chūtō de kinchou ga takamatte iru koto ni tsuite): This means ""regarding the increasing tensions in the Middle East."" 中東で (Chūtō de) means ""in the Middle East,"" 緊張 (kinchou) means ""tensions,"" が (ga) marks the subject, 高まっている (takamatte iru) means ""is increasing,"" ことについて (koto ni tsuite) means ""regarding"" or ""about.""

12.) 意見を交わしたということです (iken o kawashita to iu koto desu): This means ""exchanged views."" 意見を交わした (iken o kawashita) means ""exchanged views,"" and ということです (to iu koto desu) means ""it is said"" or ""it is reported."""					NHK_WEB_EASY
サファディ外相はSNSの投稿で「この地域が安全、平和、そして安定のもとで暮らせることを望んでいる」と語ったということです	サファディ外相はSNSの投稿で「この地域が安全、平和、そして安定のもとで暮らせることを望んでいる」と語ったということです	サファディ外相はSNSの投稿で「この地域が安全、平和、そして安定のもとで暮らせることを望んでいる」と語ったということです	[Updated regularly] Israel, Palestine, Middle East situation (August 5)	Foreign Minister Safadi stated in a social media post that he hopes the region can live under safety, peace, and stability.	"1.) サファディ外相は (Safadi gaishou wa): This means ""Foreign Minister Safadi."" サファディ (Safadi) is the name ""Safadi,"" and 外相 (gaishou) means ""Foreign Minister.""

2.) SNSの投稿で (SNS no tōkō de): This means ""in a social media post."" SNS (SNS) refers to ""social media,"" 投稿 (tōkō) means ""post,"" and で (de) indicates the means or context.

3.) 「この地域が安全、平和、そして安定のもとで暮らせることを望んでいる」 (kono chiiki ga anzen, heiwa, soshite antei no moto de kurasero koto o nozonde iru): This means ""that he hopes the region can live under safety, peace, and stability."" 

   - この地域 (kono chiiki): ""this region""
   - が (ga): subject marker
   - 安全 (anzen): ""safety""
   - 平和 (heiwa): ""peace""
   - そして (soshite): ""and""
   - 安定 (antei): ""stability""
   - のもとで (no moto de): ""under"" or ""in the context of""
   - 暮らせる (kuraseru): ""can live"" or ""is able to live""
   - ことを望んでいる (koto o nozonde iru): ""hopes"" or ""wishes for"" (with こと (koto) being the nominalizer and 望んでいる (nozonde iru) meaning ""hoping"")

4.) と語ったということです (to katatta to iu koto desu): This means ""stated."" と (to) is used for quoting, 語った (katatta) is the past form of 語る (kataru), meaning ""to state"" or ""to speak,"" and ということです (to iu koto desu) means ""it is said"" or ""it is reported."""					NHK_WEB_EASY
"米国防長官 イスラエル国防相に安全保障と自衛権への支持伝える
								
										アメリカのオースティン国防長官は4日、イスラエルのガラント国防相と電話で会談しました"	"米国防長官 イスラエル国防相に安全保障と自衛権への支持伝える
								
										アメリカのオースティン国防長官は4日、イスラエルのガラント国防相と電話で会談しました"	"米国防長官 イスラエル国防相に安全保障と自衛権への支持伝える
								
										アメリカのオースティン国防長官は4日、イスラエルのガラント国防相と電話で会談しました"	[Updated regularly] Israel, Palestine, Middle East situation (August 5)	"U.S. Defense Secretary Conveys Support for Israel's Security and Right to Self-Defense

On the 4th, U.S. Defense Secretary Austin held a phone conversation with Israeli Defense Minister Gallant."	"1.) 米国防長官 (Beikoku bōkō chōkan): This means ""U.S. Defense Secretary."" 米国 (Beikoku) means ""United States,"" 防長官 (bōkō chōkan) means ""Defense Secretary.""

2.) イスラエル国防相に (Isuraeru kokubōshō ni): This means ""to Israeli Defense Minister."" イスラエル (Isuraeru) is ""Israel,"" and 国防相 (kokubōshō) means ""Defense Minister.""

3.) 安全保障と自衛権への支持 (anzen hoshō to jieiken e no shiji): This means ""support for security and self-defense rights."" 安全保障 (anzen hoshō) means ""security,"" 自衛権 (jieiken) means ""right to self-defense,"" and への (e no) means ""toward"" or ""for.""

4.) 伝える (tsutaeru): This means ""to convey"" or ""to communicate.""

5.) アメリカのオースティン国防長官は (Amerika no Ōsutīn kokubōchōkan wa): This means ""U.S. Defense Secretary Austin."" アメリカの (Amerika no) means ""U.S.,"" オースティン (Ōsutīn) is ""Austin,"" and 国防長官 (kokubōchōkan) means ""Defense Secretary.""

6.) 4日 (4-nichi): This means ""on the 4th.""

7.) イスラエルのガラント国防相と (Isuraeru no Garanto kokubōshō to): This means ""with Israeli Defense Minister Gallant."" イスラエルの (Isuraeru no) means ""Israeli,"" ガラント (Garanto) is the transliteration of ""Gallant,"" and 国防相 (kokubōshō) means ""Defense Minister.""

8.) 電話で会談しました (denwa de kaidan shimashita): This means ""held a phone conversation."" 電話で (denwa de) means ""by phone,"" and 会談しました (kaidan shimashita) is the past form of 会談する (kaidan suru), meaning ""to hold a conversation"" or ""to discuss."""					NHK_WEB_EASY
アメリカ国防総省によりますと、オースティン長官は、イランなどからの脅威に対するイスラエルの安全保障と自衛権への揺るぎない支持を改めて伝えたということです	アメリカ国防総省によりますと、オースティン長官は、イランなどからの脅威に対するイスラエルの安全保障と自衛権への揺るぎない支持を改めて伝えたということです	アメリカ国防総省によりますと、オースティン長官は、イランなどからの脅威に対するイスラエルの安全保障と自衛権への揺るぎない支持を改めて伝えたということです	[Updated regularly] Israel, Palestine, Middle East situation (August 5)	According to the U.S. Department of Defense, Secretary Austin reiterated his unwavering support for Israel's security and right to self-defense against threats from Iran and others.	"1.) アメリカ国防総省によりますと (Amerika kokubō sōshō ni yorimasu to): This means ""according to the U.S. Department of Defense."" アメリカ (Amerika) means ""U.S.,"" 国防総省 (kokubō sōshō) means ""Department of Defense,"" and によりますと (ni yorimasu to) means ""according to.""

2.) オースティン長官は (Ōsutīn chōkan wa): This means ""Secretary Austin."" オースティン (Ōsutīn) is ""Austin,"" and 長官 (chōkan) means ""Secretary.""

3.) イランなどからの脅威に対する (Iran nado kara no kyōi ni taisuru): This means ""against threats from Iran and others."" イラン (Iran) is ""Iran,"" など (nado) means ""and others,"" からの (kara no) means ""from,"" 脅威 (kyōi) means ""threats,"" and に対する (ni taisuru) means ""against.""

4.) イスラエルの安全保障と自衛権への (Isuraeru no anzen hoshō to jieiken e no): This means ""for Israel's security and right to self-defense."" イスラエルの (Isuraeru no) means ""Israel's,"" 安全保障 (anzen hoshō) means ""security,"" 自衛権 (jieiken) means ""right to self-defense,"" and への (e no) means ""toward"" or ""for.""

5.) 揺るぎない支持を改めて伝えた (yuruginai shiji o aratamete tsutaeta): This means ""reiterated his unwavering support."" 揺るぎない (yuruginai) means ""unwavering,"" 支持 (shiji) means ""support,"" を (o) marks the object, 改めて (aratamete) means ""again"" or ""reiterated,"" and 伝えた (tsutaeta) means ""conveyed"" or ""communicated.""

6.) ということです (to iu koto desu): This means ""it is said"" or ""it is reported."" と (to) is used for quoting, いう (iu) means ""to say,"" and ことです (koto desu) is used to indicate reported information."					NHK_WEB_EASY
そして、イスラエルへの支援や中東地域の緊張の高まりの抑止を目的とした、アメリカ軍の態勢の変更について話し合ったとしています	そして、イスラエルへの支援や中東地域の緊張の高まりの抑止を目的とした、アメリカ軍の態勢の変更について話し合ったとしています	そして、イスラエルへの支援や中東地域の緊張の高まりの抑止を目的とした、アメリカ軍の態勢の変更について話し合ったとしています	[Updated regularly] Israel, Palestine, Middle East situation (August 5)	Additionally, it is reported that they discussed changes in the U.S. military posture aimed at supporting Israel and deterring the increase in tensions in the Middle East.	"1.) そして (soshite): This means ""and"" or ""additionally.""

2.) イスラエルへの支援や (Isuraeru e no shien ya): This means ""support for Israel and."" イスラエルへの (Isuraeru e no) means ""for Israel,"" and 支援 (shien) means ""support.""

3.) 中東地域の緊張の高まりの抑止を目的とした (Chūtō chiiki no kinchō no takamari no yokushi o mokuteki to shita): This means ""aimed at deterring the increase in tensions in the Middle East."" 中東地域 (Chūtō chiiki) means ""Middle East region,"" 緊張の高まり (kinchō no takamari) means ""increase in tensions,"" 抑止 (yokushi) means ""deterrence,"" and を目的とした (o mokuteki to shita) means ""aimed at"" or ""intended for.""

4.) アメリカ軍の態勢の変更について (Amerika gun no taisei no henkō ni tsuite): This means ""changes in the U.S. military posture."" アメリカ軍 (Amerika gun) means ""U.S. military,"" 態勢 (taisei) means ""posture"" or ""disposition,"" 変更 (henkō) means ""changes,"" and について (ni tsuite) means ""about"" or ""regarding.""

5.) 話し合った (hanashiatta): This means ""discussed."" 話し合う (hanashiau) means ""to discuss,"" and 話し合った (hanashiatta) is the past tense form.

6.) としています (to shiteimasu): This means ""it is reported"" or ""it is said."" と (to) is used for quoting, しています (shiteimasu) is the present continuous form of する (suru), meaning ""to do,"" indicating that the information is being reported."					NHK_WEB_EASY
また、オースティン長官はガザ地区での停戦と人質の解放に向けた交渉への強い支持を表明したということです	また、オースティン長官はガザ地区での停戦と人質の解放に向けた交渉への強い支持を表明したということです	また、オースティン長官はガザ地区での停戦と人質の解放に向けた交渉への強い支持を表明したということです	[Updated regularly] Israel, Palestine, Middle East situation (August 5)	Additionally, it is reported that Secretary Austin expressed strong support for negotiations aimed at a ceasefire in the Gaza Strip and the release of hostages.	"1.) また (mata): This means ""additionally"" or ""also.""

2.) オースティン長官は (Ōsutīn chōkan wa): This means ""Secretary Austin."" オースティン (Ōsutīn) is ""Austin,"" and 長官 (chōkan) means ""Secretary.""

3.) ガザ地区での停戦と (Gaza chiku de no teisen to): This means ""a ceasefire in the Gaza Strip."" ガザ地区 (Gaza chiku) means ""Gaza Strip,"" での (de no) means ""in,"" and 停戦 (teisen) means ""ceasefire.""

4.) 人質の解放に向けた (hitojichi no kaihō ni muketa): This means ""toward the release of hostages."" 人質 (hitojichi) means ""hostages,"" 解放 (kaihō) means ""release,"" and に向けた (ni muketa) means ""toward"" or ""aimed at.""

5.) 交渉への強い支持を表明した (kōshō e no tsuyoi shiji o hyōmei shita): This means ""expressed strong support for negotiations."" 交渉 (kōshō) means ""negotiations,"" への (e no) means ""toward,"" 強い (tsuyoi) means ""strong,"" 支持 (shiji) means ""support,"" and 表明した (hyōmei shita) means ""expressed"" or ""declared.""

6.) ということです (to iu koto desu): This means ""it is reported"" or ""it is said."" と (to) is used for quoting, いう (iu) means ""to say,"" and ことです (koto desu) indicates reported information."					NHK_WEB_EASY
イスラム組織ハマスの最高幹部が殺害され、中東地域で緊張が続く中、オースティン長官は、これまでに弾道ミサイルからの防衛能力がある巡洋艦や駆逐艦を中東地域などに追加派遣することを指示しています	イスラム組織ハマスの最高幹部が殺害され、中東地域で緊張が続く中、オースティン長官は、これまでに弾道ミサイルからの防衛能力がある巡洋艦や駆逐艦を中東地域などに追加派遣することを指示しています	イスラム組織ハマスの最高幹部が殺害され、中東地域で緊張が続く中、オースティン長官は、これまでに弾道ミサイルからの防衛能力がある巡洋艦や駆逐艦を中東地域などに追加派遣することを指示しています	[Updated regularly] Israel, Palestine, Middle East situation (August 5)	With the assassination of a top Hamas leader and ongoing tensions in the Middle East, Secretary Austin has instructed the deployment of additional cruisers and destroyers capable of missile defense to the Middle East and other regions.	"1.) イスラム組織ハマスの最高幹部が殺害され (Isuramu soshiki Hamasu no saikō kanbu ga satsugai sare): This means ""the assassination of a top Hamas leader."" イスラム組織 (Isuramu soshiki) means ""Islamic organization,"" ハマス (Hamasu) is ""Hamas,"" 最高幹部 (saikō kanbu) means ""top leader,"" and 殺害され (satsugai sare) is the passive form of 殺害する (satsugai suru), meaning ""to be assassinated.""

2.) 中東地域で緊張が続く中 (Chūtō chiiki de kinchō ga tsudzuku naka): This means ""while tensions continue in the Middle East region."" 中東地域 (Chūtō chiiki) means ""Middle East region,"" で (de) indicates the location, 緊張 (kinchō) means ""tensions,"" が (ga) marks the subject, 続く (tsudzuku) means ""to continue,"" and 中 (naka) means ""while"" or ""during.""

3.) オースティン長官は (Ōsutīn chōkan wa): This means ""Secretary Austin."" オースティン (Ōsutīn) is ""Austin,"" and 長官 (chōkan) means ""Secretary.""

4.) これまでに (kore made ni): This means ""so far"" or ""until now.""

5.) 弾道ミサイルからの防衛能力がある (dandō misairu kara no bōei nōryoku ga aru): This means ""capable of missile defense."" 弾道ミサイル (dandō misairu) means ""ballistic missile,"" からの (kara no) means ""from,"" 防衛能力 (bōei nōryoku) means ""defense capability,"" and がある (ga aru) means ""has.""

6.) 巡洋艦や駆逐艦を (jun'yōkan ya kuchikukan o): This means ""cruisers and destroyers."" 巡洋艦 (jun'yōkan) means ""cruisers,"" and 駆逐艦 (kuchikukan) means ""destroyers,"" with や (ya) used to list items.

7.) 中東地域などに (Chūtō chiiki nado ni): This means ""to the Middle East and other regions."" 中東地域 (Chūtō chiiki) means ""Middle East region,"" など (nado) means ""and others,"" and に (ni) indicates the direction or destination.

8.) 追加派遣することを指示しています (tsuika haken suru koto o shiji shiteimasu): This means ""has instructed the deployment."" 追加派遣する (tsuika haken suru) means ""to deploy additionally,"" こと (koto) is used to nominalize the action, and 指示しています (shiji shiteimasu) is the present continuous form of 指示する (shiji suru), meaning ""to instruct"" or ""to direct."""					NHK_WEB_EASY
"ガザ地区 “学校への空爆で少なくとも30人死亡”報道
								
										ガザ地区ではイスラエルとハマスの戦闘が続き、中東の衛星テレビ局アルジャジーラは4日、イスラエル軍によるガザ市にある学校への空爆で少なくとも30人が死亡したと伝えています"	"ガザ地区 “学校への空爆で少なくとも30人死亡”報道
								
										ガザ地区ではイスラエルとハマスの戦闘が続き、中東の衛星テレビ局アルジャジーラは4日、イスラエル軍によるガザ市にある学校への空爆で少なくとも30人が死亡したと伝えています"	"ガザ地区 “学校への空爆で少なくとも30人死亡”報道
								
										ガザ地区ではイスラエルとハマスの戦闘が続き、中東の衛星テレビ局アルジャジーラは4日、イスラエル軍によるガザ市にある学校への空爆で少なくとも30人が死亡したと伝えています"	[Updated regularly] Israel, Palestine, Middle East situation (August 5)	"Gaza Strip: Reports of at Least 30 Deaths from Airstrikes on School

In the Gaza Strip, where fighting between Israel and Hamas continues, Al Jazeera, a satellite television station in the Middle East, reported on the 4th that at least 30 people were killed in an airstrike by the Israeli military on a school in Gaza City."	"1.) ガザ地区 (Gaza chiku): This means ""Gaza Strip.""

2.) “学校への空爆で少なくとも30人死亡”報道 (“gakkō e no kūbaku de sukunakutomo 30-nin shibō” hōdō): This means ""Reports of at least 30 deaths from airstrikes on school.""
   - 学校への (gakkō e no): ""to the school"" or ""on the school.""
   - 空爆 (kūbaku): ""airstrike"" or ""bombing.""
   - で (de): Particle indicating the means or cause.
   - 少なくとも30人死亡 (sukunakutomo 30-nin shibō): ""at least 30 people killed.""
     - 少なくとも (sukunakutomo): ""at least""
     - 30人 (30-nin): ""30 people""
     - 死亡 (shibō): ""death"" or ""killed""

3.) ガザ地区ではイスラエルとハマスの戦闘が続き (Gaza chiku de wa Isuraeru to Hamasu no sentō ga tsudzuki): This means ""In the Gaza Strip, where fighting between Israel and Hamas continues.""
   - ガザ地区では (Gaza chiku de wa): ""In the Gaza Strip""
   - イスラエルとハマスの (Isuraeru to Hamasu no): ""between Israel and Hamas""
   - 戦闘 (sentō): ""fighting""
   - が (ga): subject marker
   - 続き (tsudzuki): ""continues"" (continuation form of 続く (tsudzuku))

4.) 中東の衛星テレビ局アルジャジーラは (Chūtō no eisei terebiyoku Aru Jajīra wa): This means ""Al Jazeera, a satellite television station in the Middle East.""
   - 中東の (Chūtō no): ""Middle East""
   - 衛星テレビ局 (eisei terebiyoku): ""satellite television station""
   - アルジャジーラ (Aru Jajīra): ""Al Jazeera""

5.) 4日 (4-nichi): This means ""on the 4th.""

6.) イスラエル軍によるガザ市にある学校への空爆で (Isuraeru gun ni yoru Gaza-shi ni aru gakkō e no kūbaku de): This means ""in an airstrike by the Israeli military on a school in Gaza City.""
   - イスラエル軍による (Isuraeru gun ni yoru): ""by the Israeli military""
   - ガザ市にある (Gaza-shi ni aru): ""in Gaza City""
   - 学校への (gakkō e no): ""to the school""
   - 空爆で (kūbaku de): ""in the airstrike""

7.) 少なくとも30人が死亡したと伝えています (sukunakutomo 30-nin ga shibō shita to tsutaeteimasu): This means ""reported that at least 30 people were killed.""
   - 少なくとも30人 (sukunakutomo 30-nin): ""at least 30 people""
   - が (ga): subject marker
   - 死亡した (shibō shita): ""were killed"" (past form of 死亡する (shibō suru))
   - と (to): quotation particle
   - 伝えています (tsutaeteimasu): ""it is reported"" (present continuous form of 伝える (tsutaeru))"					NHK_WEB_EASY
"林官房長官「事態沈静化へ外交努力尽くしたい」
								
										林官房長官は5日の記者会見で「攻撃の応酬を回避し事態を沈静化させることが重要で、わが国としてもさらなる悪化やエスカレーションを防ぐため、G7を含む各国とも緊密に連携しながら外交努力を尽くしたい」と述べました"	"林官房長官「事態沈静化へ外交努力尽くしたい」
								
										林官房長官は5日の記者会見で「攻撃の応酬を回避し事態を沈静化させることが重要で、わが国としてもさらなる悪化やエスカレーションを防ぐため、G7を含む各国とも緊密に連携しながら外交努力を尽くしたい」と述べました"	"林官房長官「事態沈静化へ外交努力尽くしたい」
								
										林官房長官は5日の記者会見で「攻撃の応酬を回避し事態を沈静化させることが重要で、わが国としてもさらなる悪化やエスカレーションを防ぐため、G7を含む各国とも緊密に連携しながら外交努力を尽くしたい」と述べました"	[Updated regularly] Israel, Palestine, Middle East situation (August 5)	"Chief Cabinet Secretary Hayashi: ""We Want to Make Every Diplomatic Effort to Calm the Situation""

At a press conference on the 5th, Chief Cabinet Secretary Hayashi stated, ""It is important to avoid a reciprocal attack and to calm the situation. To prevent further deterioration or escalation, we want to make every diplomatic effort while closely coordinating with various countries, including the G7."""	"1.) 林官房長官 (Hayashi kanbō chōkan): This means ""Chief Cabinet Secretary Hayashi."" 林 (Hayashi) is the name, and 官房長官 (kanbō chōkan) means ""Chief Cabinet Secretary.""

2.) 「事態沈静化へ外交努力尽くしたい」 (「Jitai chinseika e gaikō doryoku tsukushitai」): This translates to ""We want to make every diplomatic effort to calm the situation.""
   - 事態沈静化へ (jitai chinseika e): ""to calm the situation""
     - 事態 (jitai): ""situation""
     - 沈静化 (chinseika): ""calming"" or ""settling""
     - へ (e): ""to"" or ""toward""
   - 外交努力 (gaikō doryoku): ""diplomatic effort""
   - 尽くしたい (tsukushitai): ""want to make every effort"" or ""want to exhaust""

3.) 林官房長官は5日の記者会見で (Hayashi kanbō chōkan wa 5-nichi no kishakaiken de): This means ""Chief Cabinet Secretary Hayashi at the press conference on the 5th.""
   - 林官房長官は (Hayashi kanbō chōkan wa): ""Chief Cabinet Secretary Hayashi""
   - 5日の (5-nichi no): ""on the 5th""
   - 記者会見で (kishakaiken de): ""at the press conference""

4.) 「攻撃の応酬を回避し事態を沈静化させることが重要で (「Kōgeki no ōshū o kaihi shi jitai o chinseika saseru koto ga jūyō de): This means ""It is important to avoid reciprocal attacks and to calm the situation.""
   - 攻撃の応酬 (kōgeki no ōshū): ""reciprocal attacks""
     - 攻撃 (kōgeki): ""attack""
     - 応酬 (ōshū): ""reciprocal"" or ""exchange""
   - 回避し (kaihi shi): ""to avoid""
   - 事態を沈静化させる (jitai o chinseika saseru): ""to calm the situation""
     - 事態 (jitai): ""situation""
     - 沈静化させる (chinseika saseru): ""to calm"" or ""to settle""

5.) わが国としてもさらなる悪化やエスカレーションを防ぐため (waga kuni to shite mo saranaru akka ya esukarēshon o fusegu tame): This means ""to prevent further deterioration or escalation.""
   - わが国としても (waga kuni to shite mo): ""as our country""
   - さらなる悪化 (saranaru akka): ""further deterioration""
     - さらなる (saranaru): ""further""
     - 悪化 (akka): ""deterioration""
   - エスカレーション (esukarēshon): ""escalation""
   - を防ぐため (o fusegu tame): ""to prevent""

6.) G7を含む各国とも緊密に連携しながら (G7 o fukumu kakkoku to mo kinmitsu ni renkei shinagara): This means ""while closely coordinating with various countries, including the G7.""
   - G7を含む (G7 o fukumu): ""including the G7""
   - 各国 (kakkoku): ""various countries""
   - とも (to mo): ""also"" or ""with""
   - 緊密に (kinmitsu ni): ""closely""
   - 連携しながら (renkei shinagara): ""while coordinating""

7.) 外交努力を尽くしたい (gaikō doryoku o tsukushitai): This means ""want to make every diplomatic effort.""
   - 外交努力 (gaikō doryoku): ""diplomatic effort""
   - を (o): direct object marker
   - 尽くしたい (tsukushitai): ""want to make every effort"" or ""want to exhaust"""					NHK_WEB_EASY
